序号,模块,功能项,优先级,第一阶段 Demo 范围,第二阶段 完整版范围,一期验收口径,责任边界,备注/报价提示
1,产品定位,台灯式 K12 智能家教机器人,P0,一期定位为工程 Demo / 样机验证：验证硬件形态、基础机电控制、端侧视觉坐姿检测、APP 静态报告闭环。,二期再评估完整 AI 教辅、陪伴、视频、云端数据中台和商业化功能。,一期目标不是完整量产产品，而是可演示、可验收的样机。,甲方/我方共同确认,作为合同附件的总边界。
2,目标用户,K12 学生及家长,P0,核心演示对象为学生读写学习场景，家长端查看控制和统计报告。,覆盖小学至高中全学段的长期学习、健康、陪伴数据体系。,甲方确认目标年龄段、典型桌面高度、使用光照和演示场景。,甲方提供场景，我方转成工程指标,年龄段会影响摄像头角度、坐姿模型和结构尺寸。
3,整机形态,静音双履带移动机身 + 电动升降台灯 + 摄像头感知模块,P0,交付可运行样机：能移动、能升降、能调光、能采集图像做本地坐姿判断。,可按市场反馈升级外观、传感器、算力和安全设计。,样机能在约定桌面/地面场景完成连续演示。,硬件/结构/嵌入式：我方,样机数量、外观精度和打样方式需报价前确认。
4,移动底盘,遥控行走,P0,支持 APP 或物理遥控器控制前进、后退、左转、右转、原地旋转。,自主巡航、自动寻迹、AI 避障暂不确认，视甲方二期意愿评估。,遥控响应稳定，无明显卡顿；运行速度、噪音、续航阈值需另定。,硬件/嵌入式/软件：我方,一阶段只做手动控制，不做自主移动算法。
5,台灯结构,电动升降与俯仰控制,P0,支持 APP / 按键触发灯头升降，保留基础俯仰控制或机械调节方案。,结合坐姿和灯光算法做自动高度/角度调节。,升降动作可重复演示，限位保护正常。,结构/电机/控制：我方,自动调节属于二期或变更项。
6,灯光控制,开关、亮度、色温、多场景模式,P0,支持灯光开关、亮度调节、色温调节、读写模式、夜间柔光/低蓝光模式。,AI 无影自适应调光：根据环境光、头部位置、书写区域自动调整。,APP 可切换模式；调光无明显闪烁，档位/曲线需确认。,硬件/嵌入式：我方；APP：外包,一期不承诺 AI 自适应无影调光。
7,摄像系统,本地坐姿识别输入,P0,配备摄像头，仅作为本地坐姿检测图像输入，不上传实时视频。,可升级为作业微距识别、视频陪读、作业摄录通道。,指定光照、距离、角度下能采集坐姿判断所需图像。,硬件/嵌入式/算法：我方,一期不做视频监控/视频通话，降低隐私和带宽成本。
8,主控板/算力,轻量模型运行与机电控制,P0,选型需支持摄像头输入、基础 ISP、机电控制、轻量人脸/人体关键点或头肩特征模型运行。,升级高阶 NPU 算力板，支撑更复杂体态模型、AI 语音与本地推理。,设备能稳定运行一期坐姿算法和控制程序。,我方,芯片选型直接影响 BOM 和一期报价。
9,坐姿检测,低头/距离过近/身体偏移粗粒度判断,P0,通过摄像头 + 轻量模型提取头部/肩部相对位置，估算低头、距离过近、身体明显偏移。,升级为高低肩、体态偏移趋势、长期健康报告。,在约定姿态集内能识别明显异常；误报/漏报容忍度需甲方确认。,算法/嵌入式：我方,不要在一期承诺医学级精度。
10,坐姿提醒,本地语音或提示音提醒,P0,异常姿态持续超过阈值后，本地语音/提示音提醒“请坐直”等。,可联动 APP 个性化规则和长期趋势分析。,阈值、提示频率、冷却时间可配置。,我方,提示文案和音色可后续调整。
11,用眼时长管控,20-20-20 远眺提醒与单次学习计时,P0,本地计时，达到设定时长后灯光/语音提醒休息。,结合长期学习习惯和健康数据做综合建议。,支持默认规则和自定义时长；事件能同步到 APP 报告。,我方,一期用规则提醒，不做眼部疲劳精确识别。
12,久坐提醒,学习/静坐时长提醒,P1,学习或静坐超过阈值提醒活动，并记录提醒次数。,与健康趋势报告、家庭教育建议联动。,支持设置阈值；APP 能展示记录。,我方,作为一期低风险健康提醒。
13,健康/坐姿报告,坐姿错误频次、低头占比、学习/用眼时长,P0,APP 展示日/周静态报告：坐姿错误次数、提醒次数、低头占比、学习/用眼时长。,周/月深度健康与学习综合报告。,APP 能查看统计图或列表；数据来自设备统计接口。,嵌入式数据+APP演示：我方,一期报告只做学习习惯提示，不宣称医学诊断。
14,家长端 APP,控制面板 + 静态报告,P0,设备连接、调光、色温、升降、移动遥控、坐姿报告、学习时长报告、提醒设置。,增加远程视频、AI 报告、账号体系、云端数据中台。,关键页面可演示，控制指令能下发，报告能展示样机数据。,我方,报价前确认 APP 是演示版还是可上架版。
15,数据链路,统计数据同步，不传视频流,P0,设备通过轻量接口同步统计数据到 APP，不做实时音视频传输。,云端数据中台、加密存储、权限体系、周/月报推送。,接口字段清晰：事件、时间、次数、时长、状态。,我方,建议用接口文档作为合同附件。
16,OTA/升级,一期定义为工程升级通道，完整 OTA 放在二期,P1,Demo 阶段保留本地/工程调试升级能力，不默认做完整云端 OTA。,完整 OTA 支持灯光算法、视觉模型、移动控制、健康监测系统升级。,需确认是否强制需求 OTA,待确认,这是必须确认项。
17,AI 私教辅导,作业摄录、批改、错题诊断、个性化辅导,P0（二期）,一期不开发，0 代码、0 交付；最多硬件预留摄像头/麦克风/喇叭接口。,二期候选：作业识别、AI 批改、薄弱知识点档案、个性化教学、题库体系。,二期需单独 PRD、题库/模型/内容版权评估。,二期待定,一期不考虑
18,语音互动/情感陪伴,AI 对话、心理疏导、情绪诊断,P0（二期）,一期不开发。,二期候选：语音对话、情绪识别、心理报告、风险预警。,需合规和风险评估，不建议早期承诺心理诊断。,二期待定,高合规风险，建议谨慎表述。
19,成长记录,云端保存与 AI 自动剪辑短视频,P1（二期）,一期不开发。,二期候选：成长影像保存、亮点识别、短视频自动剪辑。,需用户授权、云存储、隐私合规。,二期待定,视频能力整体放入二期预算。
20,隐私与数据安全,学生数据保护,P0,一期不上传视频；统计数据最小化采集，需说明数据字段。,二期若做视频/云端/账号体系，需完整加密、权限、隐私政策。,甲方确认数据范围与合规要求。,甲方/我方共同,涉及未成年人数据，合同里要写清边界。
21,交付文档,PRD、接口文档、测试报告、验收清单,P0,交付一期 PRD、功能范围表、接口字段表、测试记录、验收标准表。,二期交付完整产品化 PRD 与平台架构方案。,文档能支撑甲方签合同、验收和后续变更。,我方主责,建议作为付款节点依据。
22,报价拆分,硬件/嵌入式/APP外包/项目管理/风险预留,P0,一期按工程样机报价，不按完整 AI 家教机器人报价。,二期按功能包报价：高阶硬件、AI 教辅、视频陪读、AI 护眼、数据中台等。,甲方确认预算上限、样机数量、交付日期后出正式报价。,我方,未确认功能进入待定或变更项。
